{
  "test_loss": 1.5540199841771807,
  "accuracy": 0.3199095022624434,
  "precision": 0.3417302436947739,
  "recall": 0.3199095022624434,
  "f1": 0.32124220061545805,
  "macro_f1": 0.32288003050550557
}